{
  "design": "per-model in-train vs out-of-train (1yr each)",
  "seeds": [
    0,
    1,
    2
  ],
  "models": {
    "llama3.1:8b": {
      "cutoff": "2023-12",
      "recall": "denies 2024",
      "in_window": "Y2023",
      "out_window": "Y2025",
      "sharpe_in": 1.9562550282389335,
      "sharpe_out": 0.4484329924406806,
      "return_in": 2.5827371655067246,
      "return_out": 0.255974537049654,
      "timing_in": -0.05948358253439619,
      "timing_out": 0.09148742055298643,
      "real_in_minus_out": -0.15097100308738262,
      "regime_baseline_gap": 0.003143653233649582,
      "DiD": -0.15411465632103222,
      "perm_in_vs_out_p": 0.005598880223955209,
      "perm_diff": -0.15097100308738262,
      "n_in_days": 249,
      "n_out_days": 249,
      "parse_fail": 0
    },
    "qwen2.5:7b": {
      "cutoff": "~2023-10",
      "recall": "knows 2023",
      "in_window": "Y2023",
      "out_window": "Y2025",
      "sharpe_in": 1.7051850911499,
      "sharpe_out": 0.7200603620468858,
      "return_in": 2.3509164813900947,
      "return_out": 0.4678765515214094,
      "timing_in": 0.02329150783998672,
      "timing_out": 0.016385656623071666,
      "real_in_minus_out": 0.006905851216915053,
      "regime_baseline_gap": 0.003143653233649582,
      "DiD": 0.003762197983265471,
      "perm_in_vs_out_p": 0.9260147970405919,
      "perm_diff": 0.006905851216915053,
      "n_in_days": 249,
      "n_out_days": 249,
      "parse_fail": 0
    },
    "qwen3:8b": {
      "cutoff": "~2024-Q4",
      "recall": "recalls 2024-H2",
      "in_window": "Y2024",
      "out_window": "Y2026",
      "sharpe_in": 1.68955632816713,
      "sharpe_out": -0.2292058580648589,
      "return_in": 2.0931860151017005,
      "return_out": -0.0784332960328824,
      "timing_in": 0.021539083189944984,
      "timing_out": -0.046357921028823065,
      "real_in_minus_out": 0.06789700421876804,
      "regime_baseline_gap": -0.006691659283407106,
      "DiD": 0.07458866350217515,
      "perm_in_vs_out_p": 0.47170565886822635,
      "perm_diff": 0.06789700421876804,
      "n_in_days": 251,
      "n_out_days": 111,
      "parse_fail": 0
    },
    "gemma3:12b": {
      "cutoff": "2024-08",
      "recall": "confabulates 2024",
      "in_window": "Y2024",
      "out_window": "Y2025",
      "sharpe_in": 1.078656828557168,
      "sharpe_out": 0.475837433836738,
      "return_in": 0.23608611916583078,
      "return_out": 0.07406572140779044,
      "timing_in": -0.0056834010154259386,
      "timing_out": -0.02985253965551897,
      "real_in_minus_out": 0.02416913864009303,
      "regime_baseline_gap": -0.041896323255269576,
      "DiD": 0.06606546189536261,
      "perm_in_vs_out_p": 0.6300739852029594,
      "perm_diff": 0.02416913864009303,
      "n_in_days": 251,
      "n_out_days": 249,
      "parse_fail": 0
    }
  }
}