{
  "design": "per-model in-train vs out-of-train (1yr each)",
  "seeds": [
    2
  ],
  "models": {
    "llama3.1:8b": {
      "cutoff": "2023-12",
      "recall": "denies 2024",
      "in_window": "Y2023",
      "out_window": "Y2025",
      "sharpe_in": 1.5503756540387834,
      "sharpe_out": 1.1567289014292876,
      "return_in": 0.3595372178144123,
      "return_out": 0.26645937794466756,
      "timing_in": 0.08732057536853353,
      "timing_out": 0.03279870166821681,
      "real_in_minus_out": 0.05452187370031673,
      "regime_baseline_gap": 0.03018678042284243,
      "DiD": 0.024335093277474296,
      "perm_in_vs_out_p": 0.5496900619876025,
      "perm_diff": 0.05452187370031673,
      "n_in_days": 249,
      "n_out_days": 249,
      "parse_fail": 0
    },
    "qwen2.5:7b": {
      "cutoff": "~2023-10",
      "recall": "denies 2024",
      "in_window": "Y2023",
      "out_window": "Y2025",
      "sharpe_in": 1.9363453517048672,
      "sharpe_out": 0.44146682641921714,
      "return_in": 0.4041282916136699,
      "return_out": 0.0726786688140959,
      "timing_in": 0.06262341320052536,
      "timing_out": -0.11869798592857912,
      "real_in_minus_out": 0.1813213991291045,
      "regime_baseline_gap": 0.03018678042284243,
      "DiD": 0.15113461870626207,
      "perm_in_vs_out_p": 0.05458908218356329,
      "perm_diff": 0.1813213991291045,
      "n_in_days": 248,
      "n_out_days": 249,
      "parse_fail": 1
    },
    "qwen3:8b": {
      "cutoff": "~2024",
      "recall": "RECALLS 2024-H2",
      "in_window": "Y2024",
      "out_window": "Y2025",
      "sharpe_in": 1.8488031182993898,
      "sharpe_out": 0.9471812947483986,
      "return_in": 0.543630241510789,
      "return_out": 0.2210519565283009,
      "timing_in": 0.0013752729073551997,
      "timing_out": 0.042820418614143915,
      "real_in_minus_out": -0.041445145706788714,
      "regime_baseline_gap": 0.02493849188485953,
      "DiD": -0.06638363759164824,
      "perm_in_vs_out_p": 0.6912617476504699,
      "perm_diff": -0.041445145706788714,
      "n_in_days": 250,
      "n_out_days": 249,
      "parse_fail": 1
    },
    "gemma3:12b": {
      "cutoff": "2024-08",
      "recall": "confabulates 2024",
      "in_window": "Y2024",
      "out_window": "Y2025",
      "sharpe_in": 2.2784635234495467,
      "sharpe_out": 0.8243602888128628,
      "return_in": 0.17495295952902512,
      "return_out": 0.056655367657729716,
      "timing_in": 0.05274940981343684,
      "timing_out": 0.033032575828824594,
      "real_in_minus_out": 0.01971683398461225,
      "regime_baseline_gap": 0.02493849188485953,
      "DiD": -0.005221657900247281,
      "perm_in_vs_out_p": 0.7792441511697661,
      "perm_diff": 0.01971683398461225,
      "n_in_days": 251,
      "n_out_days": 249,
      "parse_fail": 0
    }
  }
}