{
  "models": {
    "qwen2.5:32b": {
      "cutoff": "~2023",
      "recall": "~2023 (denies 2024)",
      "in_window": "Y2023",
      "out_window": "Y2025",
      "sharpe_in": 2.29606502312266,
      "sharpe_out": 0.6769164770950351,
      "return_in": 4.918852870009365,
      "return_out": 0.47861457068493496,
      "timing_in": 0.07545639175865765,
      "timing_out": 0.0075653282592744765,
      "real_in_minus_out": 0.06789106349938318,
      "regime_baseline_gap": 0.003143653233649582,
      "DiD": 0.0647474102657336,
      "perm_in_vs_out_p": 0.35532893421315737,
      "perm_diff": 0.06789106349938318,
      "n_in_days": 249,
      "n_out_days": 249,
      "parse_fail": 0,
      "did_block": {
        "point": 0.06474741026573354,
        "lo": -0.09547516798279153,
        "hi": 0.22803217804981624,
        "p_gt_0": 0.2254
      }
    },
    "qwen3:32b": {
      "cutoff": "~2024-Q4",
      "recall": "2024-aware",
      "in_window": "Y2024",
      "out_window": "Y2026",
      "sharpe_in": 1.7488834935532198,
      "sharpe_out": 0.04032780772086517,
      "return_in": 2.502967494812045,
      "return_out": -0.009392467893248768,
      "timing_in": 0.001981161845400406,
      "timing_out": -0.12397994861136838,
      "real_in_minus_out": 0.12596111045676878,
      "regime_baseline_gap": -0.006691659283407106,
      "DiD": 0.13265276974017587,
      "perm_in_vs_out_p": 0.2401519696060788,
      "perm_diff": 0.12596111045676878,
      "n_in_days": 251,
      "n_out_days": 111,
      "parse_fail": 0,
      "did_block": {
        "point": 0.13265276974017592,
        "lo": -0.08466163763234193,
        "hi": 0.3656385858513404,
        "p_gt_0": 0.1266
      }
    },
    "llama3.1:8b": {
      "cutoff": "2023-12",
      "recall": "denies 2024",
      "in_window": "Y2023",
      "out_window": "Y2025",
      "sharpe_in": 1.9562550282389335,
      "sharpe_out": 0.4484329924406806,
      "return_in": 2.5827371655067246,
      "return_out": 0.255974537049654,
      "timing_in": -0.05948358253439619,
      "timing_out": 0.09148742055298643,
      "real_in_minus_out": -0.15097100308738262,
      "regime_baseline_gap": 0.003143653233649582,
      "DiD": -0.15411465632103222,
      "perm_in_vs_out_p": 0.005598880223955209,
      "perm_diff": -0.15097100308738262,
      "n_in_days": 249,
      "n_out_days": 249,
      "parse_fail": 0,
      "did_block": {
        "point": -0.15411465632103222,
        "lo": -0.3068199027070013,
        "hi": 0.0008657943536028722,
        "p_gt_0": 0.974
      }
    },
    "qwen2.5:7b": {
      "cutoff": "~2023-10",
      "recall": "knows 2023",
      "in_window": "Y2023",
      "out_window": "Y2025",
      "sharpe_in": 1.7051850911499,
      "sharpe_out": 0.7200603620468858,
      "return_in": 2.3509164813900947,
      "return_out": 0.4678765515214094,
      "timing_in": 0.02329150783998672,
      "timing_out": 0.016385656623071666,
      "real_in_minus_out": 0.006905851216915053,
      "regime_baseline_gap": 0.003143653233649582,
      "DiD": 0.003762197983265471,
      "perm_in_vs_out_p": 0.9260147970405919,
      "perm_diff": 0.006905851216915053,
      "n_in_days": 249,
      "n_out_days": 249,
      "parse_fail": 0,
      "did_block": {
        "point": 0.0037621979832654466,
        "lo": -0.16539680670597123,
        "hi": 0.1622566069489486,
        "p_gt_0": 0.4832
      }
    },
    "qwen3:8b": {
      "cutoff": "~2024-Q4",
      "recall": "recalls 2024-H2",
      "in_window": "Y2024",
      "out_window": "Y2026",
      "sharpe_in": 1.68955632816713,
      "sharpe_out": -0.2292058580648589,
      "return_in": 2.0931860151017005,
      "return_out": -0.0784332960328824,
      "timing_in": 0.021539083189944984,
      "timing_out": -0.046357921028823065,
      "real_in_minus_out": 0.06789700421876804,
      "regime_baseline_gap": -0.006691659283407106,
      "DiD": 0.07458866350217515,
      "perm_in_vs_out_p": 0.47170565886822635,
      "perm_diff": 0.06789700421876804,
      "n_in_days": 251,
      "n_out_days": 111,
      "parse_fail": 0,
      "did_block": {
        "point": 0.07458866350217519,
        "lo": -0.13569614087840326,
        "hi": 0.3148939950460914,
        "p_gt_0": 0.2552
      }
    },
    "gemma3:12b": {
      "cutoff": "2024-08",
      "recall": "confabulates 2024",
      "in_window": "Y2024",
      "out_window": "Y2025",
      "sharpe_in": 1.078656828557168,
      "sharpe_out": 0.475837433836738,
      "return_in": 0.23608611916583078,
      "return_out": 0.07406572140779044,
      "timing_in": -0.0056834010154259386,
      "timing_out": -0.02985253965551897,
      "real_in_minus_out": 0.02416913864009303,
      "regime_baseline_gap": -0.041896323255269576,
      "DiD": 0.06606546189536261,
      "perm_in_vs_out_p": 0.6300739852029594,
      "perm_diff": 0.02416913864009303,
      "n_in_days": 251,
      "n_out_days": 249,
      "parse_fail": 0,
      "did_block": {
        "point": 0.06606546189536258,
        "lo": -0.06545429369494217,
        "hi": 0.199893232049663,
        "p_gt_0": 0.1554
      }
    },
    "mistral-small3.2": {
      "cutoff": "~2023-10",
      "recall": "~2023 (denies 2024)",
      "in_window": "Y2023",
      "out_window": "Y2025",
      "sharpe_in": 2.4724556122337416,
      "sharpe_out": 0.6778263608224585,
      "return_in": 2.3616444060471653,
      "return_out": 0.32153317729474207,
      "timing_in": 0.016202641753598347,
      "timing_out": 0.030550475882817205,
      "real_in_minus_out": -0.014347834129218858,
      "regime_baseline_gap": 0.003143653233649582,
      "DiD": -0.01749148736286844,
      "perm_in_vs_out_p": 0.8378324335132974,
      "perm_diff": -0.014347834129218858,
      "n_in_days": 249,
      "n_out_days": 249,
      "parse_fail": 0,
      "did_block": {
        "point": -0.01749148736286849,
        "lo": -0.1906817128700057,
        "hi": 0.15762276802323977,
        "p_gt_0": 0.5788
      }
    },
    "gemma3:27b": {
      "cutoff": "2024-08",
      "recall": "Aug-2024 (confab?)",
      "in_window": "Y2024",
      "out_window": "Y2025",
      "sharpe_in": 1.5604965143033558,
      "sharpe_out": 0.09542567598541607,
      "return_in": 1.468786273546674,
      "return_out": -0.004508860575708984,
      "timing_in": -0.016126437860279882,
      "timing_out": -0.0642031738643013,
      "real_in_minus_out": 0.04807673600402142,
      "regime_baseline_gap": -0.041896323255269576,
      "DiD": 0.089973059259291,
      "perm_in_vs_out_p": 0.624875024995001,
      "perm_diff": 0.04807673600402142,
      "n_in_days": 251,
      "n_out_days": 249,
      "parse_fail": 0,
      "did_block": {
        "point": 0.08997305925929094,
        "lo": -0.08095904418155256,
        "hi": 0.28884274391627546,
        "p_gt_0": 0.1732
      }
    }
  },
  "did_significance_method": "circular block bootstrap (block=5) of the DiD = [in-out]_real - [in-out]_mock; one-sided p = P(DiD<=0)"
}