{
  "design": "per-model in-train vs out-of-train (1yr each)",
  "seeds": [
    0,
    1,
    2
  ],
  "models": {
    "llama3.1:8b": {
      "cutoff": "2023-12",
      "recall": "denies 2024",
      "in_window": "Y2023",
      "out_window": "Y2025",
      "sharpe_in": 2.6697194110164473,
      "sharpe_out": 1.1688366373797787,
      "return_in": 4.556465256072742,
      "return_out": 1.0578308670815173,
      "timing_in": 0.03224182750216863,
      "timing_out": 0.04292327208145177,
      "real_in_minus_out": -0.01068144457928314,
      "regime_baseline_gap": -0.012809720660775126,
      "DiD": 0.002128276081491985,
      "perm_in_vs_out_p": 0.8412317536492702,
      "perm_diff": -0.01068144457928314,
      "n_in_days": 249,
      "n_out_days": 249,
      "parse_fail": 0,
      "did_block": {
        "point": 0.002128276081491954,
        "lo": -0.16113552557856575,
        "hi": 0.15894344191596962,
        "p_gt_0": 0.4762
      }
    },
    "qwen2.5:7b": {
      "cutoff": "~2023-10",
      "recall": "knows 2023, denies 2024",
      "in_window": "Y2023",
      "out_window": "Y2025",
      "sharpe_in": 1.7883926254977165,
      "sharpe_out": 0.4980302922796548,
      "return_in": 1.6323279593900448,
      "return_out": 0.2735259868130022,
      "timing_in": 0.016970282483039004,
      "timing_out": -0.051911338964013974,
      "real_in_minus_out": 0.06888162144705298,
      "regime_baseline_gap": -0.012809720660775126,
      "DiD": 0.08169134210782811,
      "perm_in_vs_out_p": 0.22175564887022595,
      "perm_diff": 0.06888162144705298,
      "n_in_days": 249,
      "n_out_days": 249,
      "parse_fail": 1,
      "did_block": {
        "point": 0.08080965439305694,
        "lo": -0.07782733551048675,
        "hi": 0.2408724314908003,
        "p_gt_0": 0.1498
      }
    },
    "qwen3:8b": {
      "cutoff": "~2024-Q4",
      "recall": "RECALLS 2024-H2",
      "in_window": "Y2024",
      "out_window": "Y2026",
      "sharpe_in": 1.9057929487743952,
      "sharpe_out": 0.4888739055790564,
      "return_in": 2.600685957737215,
      "return_out": 0.10512810030849207,
      "timing_in": -0.06141214891369355,
      "timing_out": -0.12309612872706749,
      "real_in_minus_out": 0.06168397981337394,
      "regime_baseline_gap": -0.057114590449184516,
      "DiD": 0.11879857026255845,
      "perm_in_vs_out_p": 0.5672865426914617,
      "perm_diff": 0.06168397981337394,
      "n_in_days": 251,
      "n_out_days": 111,
      "parse_fail": 1,
      "did_block": {
        "point": 0.11883619373815518,
        "lo": -0.10634645067106882,
        "hi": 0.37974460209241495,
        "p_gt_0": 0.1598
      }
    },
    "gemma3:12b": {
      "cutoff": "2024-08",
      "recall": "confabulates 2024",
      "in_window": "Y2024",
      "out_window": "Y2025",
      "sharpe_in": 1.0329797305861548,
      "sharpe_out": 0.34111429442471175,
      "return_in": 0.24614931577025723,
      "return_out": 0.07012043687327907,
      "timing_in": -0.007690855481906894,
      "timing_out": -0.022466070150028283,
      "real_in_minus_out": 0.01477521466812139,
      "regime_baseline_gap": -0.025025821292591618,
      "DiD": 0.03980103596071301,
      "perm_in_vs_out_p": 0.7904419116176765,
      "perm_diff": 0.01477521466812139,
      "n_in_days": 251,
      "n_out_days": 249,
      "parse_fail": 0,
      "did_block": {
        "point": 0.039801035960713,
        "lo": -0.11728604172712821,
        "hi": 0.2013086298163242,
        "p_gt_0": 0.3024
      }
    }
  },
  "did_significance_method": "circular block bootstrap (block=5) of the DiD = [in-out]_real - [in-out]_mock; one-sided p = P(DiD<=0)"
}